source_name,title,url,pub_date,discard_reason
Techcabal,Why Flutterwave bought Mono and what controlling Africa’s financial data layer unlocks,https://techcabal.com/2026/01/05/flutterwave-mono-acquisition/,2026-01-05,"Fintech acquisition, not AI company. Flutterwave and Mono are financial services companies, not operating in the AI value chain."
Techcabal,$670m Sango Capital on exporting African tech to global markets,https://techcabal.com/2026/01/05/sango-capital-ask-an-investor/,2026-01-05,"General venture capital news about investment fund, not AI-specific business news."
Techcabal,How Nigeria plans to use banks and fintechs to recover tax debt,https://techcabal.com/2026/01/05/how-nigeria-plans-to-use-banks-and-fintechs-to-recover-tax-debt/,2026-01-05,"Government policy and fintech regulation, not AI company business news."
Techcabal,12 Kenyan startups to watch in 2026,https://techcabal.com/2026/01/05/12-kenyan-startups-to-watch-in-2026/,2026-01-05,"General startup roundup article, unclear if any are AI-focused without details."
Weetracker,Flutterwave Acquires Mono In All-Stock Deal To Deepen Open Banking Push,https://weetracker.com/2026/01/05/flutterwave-acquires-mono-open-banking-africa/,2026-01-05,"Fintech M&A, not AI company acquisition."
36Kr,质疑校服，理解校服，爱上校服，多年后才知道校服之于青春的含金量,https://36kr.com/p/3626121598911497?f=rss,2026-01-06,"Opinion/lifestyle piece about school uniforms, not business news related to AI."
36Kr,从3D打印到桌面CNC，中国创客硬件集体破圈｜硬氪直击CES,https://36kr.com/p/3627345155539972?f=rss,2026-01-06,"Hardware/maker tools coverage (3D printers, CNC machines), not AI company news."
36Kr,供货中国商飞和头部电动航空器主机厂，「诺云驱动」为飞行器打造高可靠性的“电心脏”｜早期项目,https://36kr.com/p/3627321603343364?f=rss,2026-01-06,"Electric aircraft/aviation hardware company news, not AI company."
36Kr,8点1氪丨网约车司机捡乘客相机拒不归还，曹操出行回应；雷军再谈“丢轮保车”：非常成熟的安全设计；段永平否认卖课带货,https://36kr.com/p/3627176762049543?f=rss,2026-01-06,"Ride-sharing company news (Didi), not AI company business news."
36Kr,你的健康，可以有多“轻”？｜世研消费指数品牌榜Vol.94,https://36kr.com/p/3626216940111112?f=rss,2026-01-05,"Consumer product review/lifestyle content about eye care brands, not AI company business news."
36Kr,8点1氪丨雷军回应“小字营销”：确实是行业陋习；宇树科技：未涉及申请“绿色通道”相关事宜，上市工作正常推进；罗马仕启动重组方案,https://36kr.com/p/3625756011217925?f=rss,2026-01-05,"General tech/business news about company marketing and executive moves, limited AI connection."
36Kr,16倍大牛股天普股份涉AI信披不全成为监管警示对象，公司回应,https://36kr.com/newsflashes/3627526710707457?f=rss,2026-01-06,"Stock market manipulation case, company falsely claiming AI business - not legitimate AI company news."
36Kr,T3出行全量业务成功迁移至腾讯云，创行业最大规模纪录,https://36kr.com/newsflashes/3627514675774473?f=rss,2026-01-06,"Ride-sharing company (T3) cloud migration news, not AI company."
36Kr,马斯克称美国政府每年因欺诈损失约7000亿美元，占预算10%,https://36kr.com/newsflashes/3627482821952777?f=rss,2026-01-06,"Government/economic policy commentary by Elon Musk, not AI company business news."
36Kr,沪深两市成交额超2万亿元,https://36kr.com/newsflashes/3627503238136840?f=rss,2026-01-06,"Stock market trading data, not AI company business news."
36Kr,蔚来李斌：2026年汽车行业最大的成本压力是内存涨价,https://36kr.com/newsflashes/3627479676732421?f=rss,2026-01-06,"Automotive industry commentary about chip costs, not AI company news."
36Kr,建发致新：公司目前不涉及脑机接口产品的制造和分销,https://36kr.com/newsflashes/3627468621776134?f=rss,2026-01-06,"Company clarification about non-involvement in medical robotics, not a business activity announcement."
36Kr,2026年全国广播电视工作会议：推动微短剧精品化发展,https://36kr.com/newsflashes/3627472258434312?f=rss,2026-01-06,"Government policy announcement about broadcast and television work, not about AI companies or AI business activities"
36Kr,Sensor Tower：腾讯卫冕2025年12月全球手游发行商收入冠军,https://36kr.com/newsflashes/3627466142221321?f=rss,2026-01-06,"Gaming industry financial report, not AI business news. Tencent is a traditional gaming/tech company, not an AI company in the AI value chain"
36Kr,泡泡玛特全球六大生产基地已全面落地,https://36kr.com/newsflashes/3627476851557380?f=rss,2026-01-06,"Bubble Mart production facility expansion in manufacturing/consumer goods, not an AI company"
36Kr,马年生肖茅台上市首日遭热炒，1899元基础款黄牛喊价3000元,https://36kr.com/newsflashes/3627464253687047?f=rss,2026-01-06,"Liquor/beverage company (Moutai) market activity, not AI business news"
36Kr,“十四五”期间全国民航累计完成固定资产投资6300亿元,https://36kr.com/newsflashes/3627462295815173?f=rss,2026-01-06,"Civil aviation infrastructure investment report, not AI company business news"
36Kr,两家磷酸铁锂上市公司确认：已提价 幅度1500至2000元/吨,https://36kr.com/newsflashes/3627465074852867?f=rss,2026-01-06,"Silicic acid iron mining company pricing announcement, not AI business news"
36Kr,上海：取消外商投资性公司使用境内贷款限制， 允许外商投资性公司使用境内贷款开展股权投资,https://36kr.com/newsflashes/3627463273792776?f=rss,2026-01-06,"Government policy on foreign investment regulations in Shanghai, not AI company business news"
36Kr,今天，成品油零售限价调整或搁浅,https://36kr.com/newsflashes/3627409630020873?f=rss,2026-01-06,"Oil pricing adjustment announcement, not AI business news"
36Kr,广汽本田工厂复产延期 将继续停产两周 消息人士：调整系本田方面决定,https://36kr.com/newsflashes/3627409267082501?f=rss,2026-01-06,"Automotive manufacturing production adjustment, not AI company business news"
36Kr,自动驾驶重磅利好来袭,https://36kr.com/newsflashes/3627407572501762?f=rss,2026-01-06,General autonomous driving industry commentary and product announcements without specific AI company business activity
Caixinglobal,China’s Residential Land Sales Revenue Slumps 65% From Peak as State Backers Retreat,https://www.caixinglobal.com/2026-01-06/chinas-residential-land-sales-revenue-slumps-65-from-peak-as-state-backers-retreat-102400671.html?originReferrer=Feedly,2026-01-06,"Real estate market analysis, not AI business news"
Caixinglobal,"China Faces Fallout After U.S. Removes Maduro, Analysts Say",https://www.caixinglobal.com/2026-01-05/china-faces-fallout-after-us-removes-maduro-analysts-say-102400462.html?originReferrer=Feedly,2026-01-05,"Geopolitical and oil market analysis, not AI business news"
Caixinglobal,Hong Kong IPOs Seen Topping HK$300 Billion in 2026 on Tech Boom,https://www.caixinglobal.com/2026-01-05/hong-kong-ipos-seen-topping-hk300-billion-in-2026-on-tech-boom-102400416.html?originReferrer=Feedly,2026-01-05,"General IPO market forecast mentioning AI as a trend, but not about specific AI company business activities"
Caixinglobal,China Moves to Tighten Air-Quality Standards as Beijing Reports Best-Ever Skies,https://www.caixinglobal.com/2026-01-05/china-moves-to-tighten-air-quality-standards-as-beijing-reports-best-ever-skies-102400389.html?originReferrer=Feedly,2026-01-05,"Government policy on environmental standards, not AI company business news"
Caixinglobal,Beijing Targets Veteran Bureaucrat in Year’s First High-Level Probe,https://www.caixinglobal.com/2026-01-05/beijing-targets-veteran-bureaucrat-in-years-first-high-level-probe-102400383.html?originReferrer=Feedly,2026-01-05,"Government corruption investigation, not AI company news"
Caixinglobal,"Snow, Concerts and Shopping Drive China’s New Year Travel",https://www.caixinglobal.com/2026-01-05/snow-concerts-and-shopping-drive-chinas-new-year-travel-102400380.html?originReferrer=Feedly,2026-01-05,"Travel and tourism trends, not AI value chain business news"
Caixinglobal,"Xiaomi Targets 550,000 EV Sales in 2026",https://www.caixinglobal.com/2026-01-05/xiaomi-targets-550000-ev-sales-in-2026-102400370.html?originReferrer=Feedly,2026-01-05,Automotive EV sales targets; not AI-specific business despite Xiaomi being tech company
Caixinglobal,China’s Property Slump Knocks Half of Top Developers off Key Ranking,https://www.caixinglobal.com/2026-01-05/chinas-property-slump-knocks-half-of-top-developers-off-key-ranking-102400361.html?originReferrer=Feedly,2026-01-05,"Real estate industry analysis, not AI value chain business news"
Caixinglobal,Commentary: The Fall of Maduro and the Waning of the Post-WWII Order,https://www.caixinglobal.com/2026-01-05/commentary-the-fall-of-maduro-and-the-waning-of-the-post-wwii-order-102400343.html?originReferrer=Feedly,2026-01-05,"Geopolitical commentary, not AI company business news"
Caixinglobal,Opinion: China’s Economic Blueprint for 2026 ― Resilience and Patience,https://www.caixinglobal.com/2026-01-05/opinion-chinas-economic-blueprint-for-2026-resilience-and-patienc-102400332.html?originReferrer=Feedly,2026-01-05,"Opinion piece on general economic trends, not AI company business news"
Caixinglobal,China Threatens EU After Carbon Border Tax Takes Effect,https://www.caixinglobal.com/2026-01-05/china-threatens-eu-after-carbon-border-tax-takes-effect-102400285.html?originReferrer=Feedly,2026-01-05,"Trade policy and tariff announcement, not AI company business news"
Caixinglobal,Cover Story: How Resource Nationalism Is Redrawing the Global Mineral Playbook,https://www.caixinglobal.com/2026-01-05/cover-story-how-resource-nationalism-is-redrawing-the-global-mineral-playbook-102400180.html?originReferrer=Feedly,2026-01-05,"Non-AI business news; focuses on global mineral resources and geopolitical strategy, not AI companies"
Sifted,What's next for fintech IPOs?,https://sifted.eu/articles/whats-next-for-fintech-ipos/,2026-01-06,Fintech IPO analysis; fintech is not AI company-specific business news
Sifted,Meet the Sifted newsroom: The journalists covering Europe’s tech ecosystem in 2026,https://sifted.eu/articles/sifted-newsroom/,2026-01-06,Newsroom/publication introduction; not company business news
Sifted,The 21 most valuable European startups and scaleups,https://sifted.eu/articles/21-most-valuable-european-startups-2025/,2026-01-06,General startup valuation list; insufficient detail to confirm AI value chain focus
Sifted,Multiverse cut dozens of jobs as losses widened,https://sifted.eu/articles/multiverse-job-cuts-euan-blair/,2026-01-05,EdTech layoffs; not AI company-specific business news
Sifted,"8 workplace predictions for 2026: AI agents become mainstream, new roles emerge and the GTM engineer job dies quietly",https://sifted.eu/articles/workplace-predictions/,2026-01-05,Opinion/prediction article about workplace trends; lacks specific company business activity
Sifted,The tech events Sifted will be attending in 2026,https://sifted.eu/articles/european-tech-events-2026/,2026-01-05,Event calendar; not company business news
Sifted,"A spacetech IPO, a robot decacorn and a (European) entrepreneur running for president: Sifted’s predictions for European tech in 2026",https://sifted.eu/articles/sifted-journalist-predictions-2026/,2026-01-05,Prediction/opinion article; lacks specific company business activity
Sifted,"What’s in store for European deeptech in 2026, according to investors",https://sifted.eu/articles/deeptech-predictions-2026/,2026-01-05,Investor predictions/opinion; lacks specific company business activity
Tech,WholeSum raises £730K to advance a qualitative data analysis platform,https://tech.eu/2026/01/05/wholesum-raises-730k-to-advance-qualitative-data-analysis-platform/,2026-01-05,Data analytics startup funding; qualitative data analysis is not core AI value chain
Financial Times,The problem with AI and ‘empathy’,https://www.ft.com/content/ef7720f8-a6ff-40f2-9ed8-75617eed3e8d,2026-01-06,Opinion piece on AI and empathy; lacks business substance or company-specific news
Financial Times,Telegram hit by $500mn Russian bond freeze,https://www.ft.com/content/36a37387-cb71-4851-a56f-de2571d520d8,2026-01-06,"Non-AI company news; Telegram is a messaging platform, not an AI company"
Financial Times,The US is losing its battle to break up Big Tech,https://www.ft.com/content/869aae15-4c37-48a6-9a8b-d80b5d40db6a,2026-01-05,General antitrust policy/opinion; not specific AI company business news
Financial Times,The AI debt boom does not augur well for investors,https://www.ft.com/content/d36f3392-9a73-476a-9357-8ff311bb04da,2026-01-05,Opinion/analysis on AI investment trends; lacks specific company business activity
RFI,"CAN 2025: l'Algérie, en quête de rédemption, se méfie d'une RDC déterminée",https://www.rfi.fr/fr/afrique-foot/20260106-can-2025-l-alg%C3%A9rie-en-qu%C3%AAte-de-r%C3%A9demption-se-m%C3%A9fie-d-une-rdc-d%C3%A9termin%C3%A9e,2026-01-06,default_discard
RFI,Yémen: Ryad propose un dialogue aux séparatistes malgré une situation toujours tendue,https://www.rfi.fr/fr/moyen-orient/20260106-y%C3%A9men-ryad-propose-un-dialogue-aux-s%C3%A9paratistes-malgr%C3%A9-une-situation-toujours-tendue,2026-01-06,default_discard
RFI,"Sierra Leone: 27 ans après l’attaque de Freetown, la société civile sonne l’alerte avant 2028",https://www.rfi.fr/fr/afrique/20260106-sierra-leone-27-ans-apr%C3%A8s-l-attaque-de-freetown-la-soci%C3%A9t%C3%A9-civile-sonne-l-alerte-avant-2028,2026-01-06,default_discard
RFI,Tunisie: libération de travailleurs humanitaires incarcérés pour aide aux migrants,https://www.rfi.fr/fr/afrique/20260106-en-tunisie-reprise-du-proc%C3%A8s-de-six-salari%C3%A9s-d-une-ong-d-aide-humanitaire-aux-migrants,2026-01-06,default_discard
RFI,Cameroun: le ministère des Mines et la Sonamines répondent sur le décalage entre importations et exportations d’or,https://www.rfi.fr/fr/afrique/20260106-cameroun-le-minist%C3%A8re-des-mines-et-la-sonamines-r%C3%A9pondent-sur-le-d%C3%A9calage-entre-importations-et-exportations-d-or,2026-01-06,default_discard
RFI,Sénégal: polémique autour de l’achat d'une centaine de véhicules de fonction pour les députés,https://www.rfi.fr/fr/afrique/20260106-s%C3%A9n%C3%A9gal-pol%C3%A9mique-autour-de-l-achat-d-une-centaine-de-v%C3%A9hicules-de-fonction-pour-les-d%C3%A9put%C3%A9s,2026-01-06,default_discard
RFI,"Venezuela: Nicolas Maduro officiellement inculpé aux États-Unis, il encourt l’une des peines les plus lourdes",https://www.rfi.fr/fr/am%C3%A9riques/20260106-venezuela-nicolas-maduro-officiellement-inculp%C3%A9-aux-%C3%A9tats-unis-il-encourt-l-une-des-peines-les-plus-lourdes,2026-01-06,default_discard
RFI,Niger: un préfet et toute sa famille tués dans une attaque jihadiste,https://www.rfi.fr/fr/afrique/20260106-niger-un-pr%C3%A9fet-et-toute-sa-famille-tu%C3%A9s-lors-d-une-attaque-jihadiste,2026-01-06,default_discard
RFI,"Face aux menaces américaines, le Premier ministre du Groenland refuse de céder à la panique",https://www.rfi.fr/fr/europe/20260106-menaces-de-donald-trump-le-premier-ministre-groenlandais-refuse-de-c%C3%A9der-%C3%A0-la-panique,2026-01-06,default_discard
RFI,Côte d’Ivoire: reprise du procès de l’attaque jihadiste de Kafolo en 2020,https://www.rfi.fr/fr/afrique/20260105-c%C3%B4te-d-ivoire-reprise-du-proc%C3%A8s-de-l-attaque-jihadiste-de-kafolo-en-2020,2026-01-05,default_discard
RFI,"France: l'accord commercial avec le Mercosur se précise, le gouvernement tente d'apaiser la grogne des agriculteurs",https://www.rfi.fr/fr/france/20260105-france-l-accord-commercial-avec-le-mercosur-se-pr%C3%A9cise-le-gouvernement-tente-d-apaiser-la-grogne-des-agriculteurs,2026-01-05,default_discard
RFI,Présidentielle en Centrafrique: Faustin-Archange Touadéra déclaré vainqueur par l'ANE,https://www.rfi.fr/fr/afrique/20260105-pr%C3%A9sidentielle-en-centrafrique-faustin-archange-touad%C3%A9ra-d%C3%A9clar%C3%A9-vainqueur-par-l-ane,2026-01-05,default_discard
RFI,Ukraine: nouvelle réunion de la coalition des volontaires à Paris en présence de Jared Kushner et Steve Witkoff,https://www.rfi.fr/fr/europe/20260105-ukraine-nouvelle-r%C3%A9union-de-la-coalition-des-volontaires-%C3%A0-paris-en-pr%C3%A9sence-de-jared-kushner-et-steve-witkoff,2026-01-05,default_discard
RFI,"CAN 2025: «L'avenir leur appartient», le Bénin sort grandi de la défaite contre l'Égypte",https://www.rfi.fr/fr/afrique-foot/20260105-can-2025-l-avenir-leur-appartient-le-b%C3%A9nin-sort-grandi-de-la-d%C3%A9faite-contre-l-%C3%A9gypte,2026-01-05,default_discard
RFI,CAN 2025: le Nigeria écrase le Mozambique et attend l'Algérie ou la RDC en quarts de finale,https://www.rfi.fr/fr/afrique-foot/20260105-can-2025-le-nigeria-%C3%A9crase-le-mozambique-et-attend-l-alg%C3%A9rie-ou-la-rdc-en-quarts-de-finale,2026-01-05,default_discard
RFI,Nicolas Maduro et le survêtement Nike: «Cette image intègre toutes les contradictions du monde dans lequel on vit»,https://www.rfi.fr/fr/am%C3%A9riques/20260105-nicolas-maduro-et-le-surv%C3%AAtement-nike-cette-image-int%C3%A8gre-toutes-les-contradictions-du-monde-dans-lequel-on-vit,2026-01-05,default_discard
RFI,"Centrafrique: la ville de Zémio, dans le Haut-Mbomou, cible d’une nouvelle attaque",https://www.rfi.fr/fr/afrique/20260105-centrafrique-la-ville-de-z%C3%A9mio-dans-le-haut-mbomou-cible-d-une-nouvelle-attaque,2026-01-05,default_discard
RFI,Mali: les politiques ne croient pas dans les consultations annoncées par Assimi Goïta,https://www.rfi.fr/fr/afrique/20260105-mali-les-politiques-ne-croient-pas-aux-consultations-annonc%C3%A9es-par-assimi-go%C3%AFta,2026-01-05,default_discard
RFI,"CAN 2025: le Bénin, malgré un match courageux, finit par craquer contre l'Égypte",https://www.rfi.fr/fr/afrique-foot/20260105-can-2025-le-b%C3%A9nin-malgr%C3%A9-un-match-courageux-finit-par-craquer-contre-l-%C3%A9gypte,2026-01-05,default_discard
RFI,CAN 2025: revivez la démonstration du Nigeria contre le Mozambique (4-0),https://www.rfi.fr/fr/afrique-foot/20260105-can-2025-suivez-en-direct-le-8e-de-finale-entre-le-nigeria-et-le-mozambique,2026-01-05,default_discard
RFI,Colombie: le président Petro et les mouvements armés en ébullition après l'opération américaine au Venezuela,https://www.rfi.fr/fr/am%C3%A9riques/20260105-colombie-le-pr%C3%A9sident-petro-et-les-mouvements-arm%C3%A9s-en-%C3%A9bullition-apr%C3%A8s-l-op%C3%A9ration-am%C3%A9ricaine-au-venezuela,2026-01-05,default_discard
RFI,Incendie de Crans-Montana: victimes et blessés ont tous été identifiés,https://www.rfi.fr/fr/europe/20260105-incendie-de-crans-montana-la-totalit%C3%A9-des-victimes-et-des-bless%C3%A9s-ont-%C3%A9t%C3%A9-identifi%C3%A9s,2026-01-05,default_discard
RFI,"États-Unis-Venezuela: après la sidération, place à la désinformation",https://www.rfi.fr/fr/am%C3%A9riques/20260105-%C3%A9tats-unis-venezuela-apr%C3%A8s-la-sid%C3%A9ration-place-%C3%A0-la-d%C3%A9sinformation,2026-01-05,default_discard
RFI,Tchad: des ministres dépêchés dans le nord-est à la suite d'un conflit entre étudiants pour motifs religieux,https://www.rfi.fr/fr/afrique/20260105-tchad-des-ministres-d%C3%A9p%C3%AAch%C3%A9s-dans-le-nord-est-%C3%A0-la-suite-d-un-conflit-entre-%C3%A9tudiants-pour-motifs-religieux,2026-01-05,default_discard
AI Business,10 AI Predictions for 2026,https://aibusiness.com/generative-ai/10-ai-predictions-2026,2026-01-05,Opinion/commentary piece with industry predictions. No specific company business activity or substantive business news.
AI Business,When AI-Powered Humanoid Robots Make Bad Choices,https://aibusiness.com/robotics/when-humanoid-robots-make-bad-choices,2026-01-05,Educational/explainer content about AI hallucinations and robotics. No specific company business activity.
AI Business,Opinion: Work With – Not Against – Shadow AI,https://aibusiness.com/responsible-ai/work-with-not-against-shadow-ai,2026-01-05,Opinion piece about shadow AI governance. No company-specific business news or substantive business activity.
KDnuggets,"I Asked ChatGPT, Claude and DeepSeek to Build Tetris",https://www.kdnuggets.com/i-asked-gpt-claude-and-deepseek-to-build-tetris,2026-01-05,"Tutorial/how-to content comparing AI models. Technical implementation guide, not business news."
KDnuggets,Context Engineering Explained in 3 Levels of Difficulty,https://www.kdnuggets.com/context-engineering-explained-in-3-levels-of-difficulty,2026-01-05,"Technical tutorial/how-to guide on LLM engineering. Educational content, not business news."
KDnuggets,6 Docker Tricks to Simplify Your Data Science Reproducibility,https://www.kdnuggets.com/6-docker-tricks-to-simplify-your-data-science-reproducibility,2026-01-05,"Technical tutorial on Docker tools. General developer how-to guide, not AI business news."
BBC,Nestle recalls some baby formula products over toxin fears,https://www.bbc.com/news/articles/cx2yvx8gnnpo?at_medium=RSS&at_campaign=rss,2026-01-06,"Non-AI company news - Nestle food product recall. Traditional consumer goods, not AI-related."
BBC,"Electric car discounts are 'unsustainable' as sales climb, car group warns",https://www.bbc.com/news/articles/c0417v3v21ko?at_medium=RSS&at_campaign=rss,2026-01-06,Automotive industry news without AI-specific focus. Not an AI value chain company.
BBC,"A prediction market user made $436,000 betting on Maduro's downfall",https://www.bbc.com/news/articles/cx2gn93292do?at_medium=RSS&at_campaign=rss,2026-01-05,Prediction market betting activity. Not AI business news or company-related.
BBC,Car giant Hyundai to use human-like robots in factories,https://www.bbc.com/news/articles/cvgjm5x54ldo?at_medium=RSS&at_campaign=rss,2026-01-06,Automotive company using robots as a tool; not an AI value chain company
BBC,Why are more gamers than ever playing the 2000s classic RuneScape?,https://www.bbc.com/news/articles/c4g6g1z3160o?at_medium=RSS&at_campaign=rss,2026-01-06,Gaming entertainment news; not AI business news
BBC,The 'magical' blue flower changing farmers' fortunes in India,https://www.bbc.com/news/articles/clyxln49760o?at_medium=RSS&at_campaign=rss,2026-01-06,Agriculture/commodity news; not AI-related
BBC,Claire's and The Original Factory Shop to enter administration,https://www.bbc.com/news/articles/c78v6v0j8v4o?at_medium=RSS&at_campaign=rss,2026-01-05,Retail company administration; not AI-related
BBC,US oil companies gain after seizure of Venezuela's Maduro,https://www.bbc.com/news/articles/crrnw08qvg7o?at_medium=RSS&at_campaign=rss,2026-01-05,Oil/energy industry; not AI-related
BBC,What's behind PM's notable shift on closer ties to Europe?,https://www.bbc.com/news/articles/c62vzmle530o?at_medium=RSS&at_campaign=rss,2026-01-05,Government policy; not company business news
BBC,Junk food TV and online advert ban comes into force,https://www.bbc.com/news/articles/cq5y2vzlyldo?at_medium=RSS&at_campaign=rss,2026-01-05,Government regulation; not company business news
BBC,Trump wants Venezuela's oil. Will his plan work?,https://www.bbc.com/news/articles/crkr4y717k7o?at_medium=RSS&at_campaign=rss,2026-01-05,Oil/energy industry geopolitics; not AI-related
BBC,The French university where spies go for training,https://www.bbc.com/news/articles/c98nqeqnylro?at_medium=RSS&at_campaign=rss,2026-01-05,Educational institution news; not AI business news
BBC,Warning against 'systematic reliance' on reserves,https://www.bbc.com/news/articles/cy9y4ryj55go?at_medium=RSS&at_campaign=rss,2026-01-05,Government spending policy; not company business news
BBC,New funding launched for low income households,https://www.bbc.com/news/articles/c3vek2p6yypo?at_medium=RSS&at_campaign=rss,2026-01-05,Government social funding program; not company business news
TechCrunch,"CES 2026: Follow live as Nvidia, Lego, AMD, Amazon, and more make their big reveals",https://techcrunch.com/storyline/ces-2026-follow-live-as-nvidia-lego-amd-amazon-and-more-make-their-big-reveals/,2026-01-05,Conference coverage summary; not specific company business activity
Inc42,GainBitcoin Scam: PMLA Court Summons Raj Kundra After ED Files Chargesheet,https://inc42.com/buzz/gainbitcoin-scam-pmla-court-summons-raj-kundra-after-ed-files-chargesheet/,2026-01-06,Fraud/legal case; not AI-related business news
Inc42,"Traya Slips Into The Red In FY25, Posts INR 22.5 Cr Loss",https://inc42.com/buzz/traya-slips-into-the-red-in-fy25-posts-inr-22-5-cr-loss/,2026-01-06,Haircare startup financials; not AI-related
Inc42,Even Healthcare Raises $20 Mn To Expand Hospital Network,https://inc42.com/buzz/even-healthcare-raises-20-mn-to-expand-hospital-network/,2026-01-06,Healthcare provider funding; not AI-focused company
Inc42,"The 2025 E2W Rumble, Cars24 Acquires CarInfo & More",https://inc42.com/buzz/the-2025-e2w-rumble-cars24-acquires-carinfo-more/,2026-01-06,Automotive/electric vehicle market news; not AI value chain
Inc42,Agentic AI Is The Next Bet In GRC,https://inc42.com/resources/agentic-ai-is-the-next-bet-in-grc/,2026-01-06,"Educational/explainer content about agentic AI concepts in GRC, not company-specific business news"
Inc42,Uncademy Rolls Back Changes To ESOP Exercise Window,https://inc42.com/buzz/uncademy-rolls-back-changes-to-esop-exercise-window/,2026-01-05,"Edtech company, not AI-focused business"
Inc42,"Awfis CFO Ravi Dugar Quits, Sumit Rochlani To Take Over",https://inc42.com/buzz/awfis-cfo-ravi-dugar-quits-sumit-rochlani-to-take-over/,2026-01-05,"Coworking space provider, not AI company"
Inc42,CARS24 Acquires Vehicle Info Platform CarInfo,https://inc42.com/buzz/cars24-acquires-vehicle-info-platform-carinfo/,2026-01-05,"Used car marketplace M&A, not AI-focused business"
Inc42,"Rajasthan DigiFest X TiE Global Summit 2026 Opens In Jaipur With Investment, AI On Agenda",https://inc42.com/buzz/rajasthan-digifest-x-tie-global-summit-2026-opens-in-jaipur-with-investment-ai-on-agenda/,2026-01-05,"Government event/conference announcement, not company-specific business news"
Inc42,iD Fresh Bags Investment From Apax Partners To Fuel Expansion,https://inc42.com/buzz/id-fresh-bags-investment-from-apax-partners-to-fuel-expansion/,2026-01-05,"Ready-to-cook food retailer, not AI company"
Inc42,Meet The Top 10 Indian Startup Investors Of 2025,https://inc42.com/features/meet-the-top-10-indian-startup-investors-of-2025/,2026-01-05,"General startup funding trends/overview, not specific AI company news"
Inc42,Nykaa Expects Upper Mid-Twenties Revenue Growth In Q3 FY26,https://inc42.com/buzz/nykaa-expects-upper-mid-twenties-revenue-growth-in-q3-fy26/,2026-01-05,"Beauty/personal care ecommerce company, not AI company"
Inc42,Centre Mulls Revoking X’s Safe Harbour Over Grok Misuse: Report,https://inc42.com/buzz/centre-mulls-revoking-xs-safe-harbour-over-grok-misuse-report/,2026-01-05,"Government policy/regulation news, not company business activity"
Inc42,Unnati To Acquire Info Edge-Backed Agritech Startup Gramophone,https://inc42.com/buzz/unnati-to-acquire-info-edge-backed-agritech-startup-gramophone/,2026-01-05,"Agritech M&A, not AI-focused business"
Inc42,Premiumisation And Purpose: How Indian Consumers Redefined Retail In 2025,https://inc42.com/resources/premiumisation-and-purpose-how-indian-consumers-redefined-retail-in-2025/,2026-01-05,"Retail industry analysis/trends, not AI company news"
Inc42,"Deeptech Enters Top Sector Ladder In 2025, Fintech & Ecommerce Continues To Lead",https://inc42.com/features/deeptech-enters-top-sector-ladder-in-2025-fintech-ecommerce-continues-to-lead/,2026-01-05,"General sector trends and ecosystem overview, not specific company news"
Inc42,"Deepinder Goyal’s LAT Aerospace Validates Short Take-Off Capability, Aircraft Crashes Later",https://inc42.com/buzz/deepinder-goyals-lat-aerospace-validates-short-take-off-capability-aircraft-crashes-later/,2026-01-05,"Aerospace/aviation company, not AI-focused"
Inc42,"Gig Economy In The Spotlight, Funding On The Mend & More",https://inc42.com/buzz/gig-economy-in-the-spotlight-funding-on-the-mend-more/,2026-01-05,"Gig economy policy and trends, not AI company news"
Inc42,"OYO, PhonePe, Zepto: India’s Biggest Startup IPO Year Is Here",https://inc42.com/features/oyo-phonepe-zepto-indias-biggest-startup-ipo-year-is-here/,2026-01-05,"General IPO market trends, not AI-specific company news"
AGBI,Riyadh’s new bond issue attracts $31bn in orders,https://www.agbi.com/finance/2026/01/riyadhs-new-bond-issue-attracts-31bn-in-orders/,2026-01-06,"Government bond issuance, not AI company business news"
AGBI,Saudi mortgage lending drops to nine-year low,https://www.agbi.com/real-estate/2026/01/saudi-mortgage-lending-drops-to-nine-year-low/,2026-01-05,"Real estate market trends, not AI company"
AGBI,"Kuwait oil production costs up more than 1,200% since 2000",https://www.agbi.com/oil-and-gas/2026/01/kuwait-oil-production-costs-up-more-than-1200-since-2000/,2026-01-05,"Oil and gas industry analysis, not AI company"
AGBI,Turkey boosts anti-inflation drive as price growth dips,https://www.agbi.com/economy/2026/01/turkey-backs-disinflation-drive-after-price-growth-dips/,2026-01-05,"Economic policy and inflation data, not AI company"
AGBI,Adia backs China-focused fund as lead investor,https://www.agbi.com/banking-finance/2026/01/adia-backs-china-focused-fund-as-lead-investor/,2026-01-05,"Traditional investment fund management, not AI company"
AGBI,GCC power grid to supply Iraq with electricity,https://www.agbi.com/energy/2026/01/gcc-power-grid-to-supply-iraq-with-electricity/,2026-01-05,"Energy infrastructure/utilities, not AI company"
AGBI,Saudi non-oil private-sector growth eases in December,https://www.agbi.com/economy/2026/01/saudi-non-oil-private-sector-growth-eases-in-december/,2026-01-05,"Economic indicators and PMI data, not AI company"
AGBI,Drake & Scull unit to build water treatment plant in Egypt,https://www.agbi.com/infrastructure/2026/01/drake-scull-unit-to-build-water-treatment-plant-in-egypt/,2026-01-05,"Construction/infrastructure contractor, not AI company"
AGBI,QatarEnergy to meet Egypt’s summer LNG demand,https://www.agbi.com/oil-and-gas/2026/01/qatarenergy-to-supply-lng-to-meet-egypts-summer-demand/,2026-01-05,"Energy/oil & gas company news, not AI-related"
AGBI,Iraq explores overhaul of largest state-owned lender,https://www.agbi.com/banking-finance/2026/01/iraq-explores-overhaul-of-largest-state-owned-lender/,2026-01-05,"Banking/finance restructuring, not AI company news"
Wamda,"QNB, Mastercard expand payment services in Syria",http://wamda.com/2026/01/qnb-mastercard-expand-payment-services-syria,2026-01-05,"Traditional finance/payments partnership, not AI-specific"
Wamda,"Sira closes 2025 with Sira Squared, doubling down on confidence and connection",http://wamda.com/2026/01/sira-closes-2025-sira-squared-doubling-confidence-connection,2026-01-05,"Community event coverage, not business news about AI company"
Wamda,Business For Teens secures six-figure pre-seed ahead of regional expansion,http://wamda.com/2026/01/business-teens-secures-figure-pre-seed-ahead-regional-expansion,2026-01-05,"Edtech startup funding for financial literacy education, not AI company"
IT News Africa,Cross-Border Payments Company Announced a New Payment Collection Method for Businesses & Fintechs,https://www.itnewsafrica.com/2026/01/cross-border-payments-company-announced-a-new-payment-collection-method-for-businesses-fintechs/,2026-01-05,"Fintech payments platform, not core AI company business"
IT News Africa,"PwC SA Appoints Former Chair of the firm’s Africa Governance Board as the Next CEO, effective 1 July 2026",https://www.itnewsafrica.com/2026/01/pwc-sa-appoints-former-chair-of-the-firms-africa-governance-board-as-the-next-ceo-effective-1-july-2026/,2026-01-05,"Executive appointment at traditional consulting firm, not AI company"
IT News Africa,Sony Unveils its 5th‑Gen Full‑Frame Mirrorless Cameras,https://www.itnewsafrica.com/2026/01/sony-unveils-its-5th-gen-full-frame-mirrorless-cameras/,2026-01-05,"Camera product launch with AI features, but Sony is not an AI company"
IT News Africa,Frogfoot Expands its Fiber Network with Rustenburg Acquisition,https://www.itnewsafrica.com/2026/01/frogfoot-expands-its-fiber-network-with-rustenburg-acquisition/,2026-01-05,"Fiber network infrastructure acquisition, not AI company"
Crunchbase News,"Crunchbase Predicts: Why Top VCs Expect More Venture Dollars, Bigger Rounds And Fewer Winners In 2026",https://news.crunchbase.com/venture/crunchbase-predicts-vcs-expect-more-funding-ai-ipo-ma-2026-forecast/,2026-01-05,"VC funding predictions/opinion piece, not specific AI company business news"
VentureBeat,"The creator of Claude Code just revealed his workflow, and developers are losing their minds",https://venturebeat.com/technology/the-creator-of-claude-code-just-revealed-his-workflow-and-developers-are,2026-01-05,"Technical tutorial/workflow sharing about AI tool, not business news"
Zdnet,"'미래학자' 샤라 에반스 ""KT 유출 데이터, 악의적 목적 도용 가능성""",https://zdnet.co.kr/view/?no=20260106145533,2026-01-06,"Cybersecurity incident analysis/opinion, not AI company business news"
Zdnet,"우체국, 지난해 공익사업으로 26만2천명 지원",https://zdnet.co.kr/view/?no=20260106141608,2026-01-06,"Government public welfare policy, not AI company news"
Zdnet,2025년 최고의 철도서비스는 ‘코레일톡 셀프 좌석 변경’,https://zdnet.co.kr/view/?no=20260106144419,2026-01-06,"Train service offering announcement, not AI company business news"
Zdnet,"""은행만 스테이블코인 발행하면 안정적 이젠 인식 전환 필요""",https://zdnet.co.kr/view/?no=20260106110644,2026-01-06,"Central bank cryptocurrency policy discussion, not AI company news"
Zdnet,상하이 임정 청사 복원 이끈 삼성 '숭산 프로젝트' 재조명,https://zdnet.co.kr/view/?no=20260106140544,2026-01-06,"Samsung corporate historical reconstruction project, not AI company business news"
Zdnet,"BBQ, 치킨대학서 공채 37기 신입사원 입문교육 실시",https://zdnet.co.kr/view/?no=20260106112858,2026-01-06,"Restaurant franchise employee training program, not AI company"
Zdnet,"HD한국조선해양, 새해 첫 수주...LNG선 4척 1.5조원 규모",https://zdnet.co.kr/view/?no=20260106134651,2026-01-06,"Shipbuilding company vessel delivery, not AI company news"
Zdnet,"애플, 24개월 무이자 할부 온라인 확대",https://zdnet.co.kr/view/?no=20260106124811,2026-01-06,Apple consumer product financing - not AI business news
Zdnet,"공정위, 마이리얼트립 제재…여행상품 판매자 정보 미표시 적발",https://zdnet.co.kr/view/?no=20260106100648,2026-01-06,E-commerce platform regulatory compliance - not AI business news
Zdnet,기업 클수록 규제 늘고 혜택 축소…'성장 회피’ 더 굳어진다,https://zdnet.co.kr/view/?no=20260106084002,2026-01-06,General business regulation policy - not AI-specific
Zdnet,"넥슨 ‘아크레이더스’, 매칭 시스템 개편 덕… 동접자 40만 재돌파",https://zdnet.co.kr/view/?no=20260106111632,2026-01-06,"Video game update - gaming industry, not AI business news"
Zdnet,"네이버, 브랜드 커넥트에 ‘공동구매’ 기능 출시",https://zdnet.co.kr/view/?no=20260106101310,2026-01-06,E-commerce platform feature launch - not AI business news
Zdnet,"한국인 개인 지출 1위 ‘먹거리’…CJ제일제당, 식문화 키워드 ‘D.E.E.P’ 제시",https://zdnet.co.kr/view/?no=20260106114010,2026-01-06,Food company consumer trends research - not AI business news
Zdnet,"넷이즈게임즈 '역수한', 새해 대규모 업데이트 실시…신규 맵 '하늘 평원' 공개",https://zdnet.co.kr/view/?no=20260106111642,2026-01-06,"Video game update - gaming industry, not AI business news"
Zdnet,"LG엔솔, 한전 '계통 안정화 ESS' 2차 초기 사업도 싹쓸이",https://zdnet.co.kr/view/?no=20260106105616,2026-01-06,Energy storage system deployment - not AI business news
Foxnews,Malicious Chrome extensions caught stealing sensitive data,https://www.foxnews.com/tech/malicious-chrome-extensions-caught-stealing-sensitive-data,2026-01-05,Cybersecurity incident - not AI business news
Foxnews,Can AI chatbots trigger psychosis in vulnerable people?,https://www.foxnews.com/tech/can-ai-chatbots-trigger-psychosis-vulnerable-people,2026-01-05,AI impact analysis/opinion - not business news about AI companies
Finainews,Bank of America’s AI-driven forecasting tool saved clients 250K hours in 2025,https://finainews.com/banking/bank-of-americas-ai-driven-forecasting-tool-saved-clients-250k-hours-in-2025/,2026-01-05,"Bank using AI as tool - finance company, not AI company business news"
Finainews,Google leader: Agentic AI’s 5 defining shifts in financial services for 2026,https://finainews.com/strategy/google-leader-agentic-ais-5-defining-shifts-in-financial-services-for-2026/,2026-01-05,Opinion/strategy article - not specific business activity of AI company
Marktechpost,LLM-Pruning Collection: A JAX Based Repo For Structured And Unstructured LLM Compression,https://www.marktechpost.com/2026/01/04/llm-pruning-collection-a-jax-based-repo-for-structured-and-unstructured-llm-compression/,2026-01-05,"Academic research paper release - technical research, not business news"
Finance,Wall Street gains ground as crude prices and oil company stocks rise after the US raid on Venezuela,https://finance.yahoo.com/news/markets-show-mixed-reaction-us-020252137.html,2026-01-05,General financial market news - not AI business news
Finance,"Dow Jones Futures: Muted Reaction To Trump's Venezuela Move; Nvidia, AMD, Taiwan Semi Due",https://www.investors.com/market-trend/stock-market-today/dow-jones-futures-trump-us-run-venezuela-maduro-nvidia-amd-taiwan-semi/?src=A00220&yptr=yahoo,2026-01-05,General stock market forecast - not AI-specific business news
Finance,Ask an Advisor: Should I Convert 10% of My 401(k) to a Roth IRA Each Year to Reduce Taxes and RMDs?,https://finance.yahoo.com/news/ask-advisor-wise-convert-10-120000534.html,2026-01-05,Personal finance advice - not business news
Finance,Bubble Fears Not Spoiling Billion-Dollar AI Buildout Plans in ’26 … Yet,https://finance.yahoo.com/news/bubble-fears-not-spoiling-billion-050100862.html,2026-01-05,AI investment outlook opinion - not specific AI company business activity
Finance,"Best money market account rates today, January 5, 2026 (Earn up to 4.1% APY)",https://finance.yahoo.com/personal-finance/banking/article/best-money-market-account-rates-today-monday-january-5-2026-110022321.html,2026-01-05,Banking consumer rates - not AI business news
Finance,"Mortgage and refinance interest rates today, January 5, 2026: Rates barely above 6% but look for even lower offers",https://finance.yahoo.com/personal-finance/mortgages/article/mortgage-refinance-rates-today-monday-january-5-2026-110023457.html,2026-01-05,"Finance/banking personal finance content, not AI business news"
Finance,"HELOC and home equity loan rates Monday, January 5, 2026: Both options feature lower rates",https://finance.yahoo.com/personal-finance/mortgages/article/heloc-rates-today-monday-january-5-2026-110027780.html,2026-01-05,"Finance/banking personal finance content, not AI business news"
Finance,"Best high-yield savings interest rates today, January 5, 2026 (Earn up to 4% APY)",https://finance.yahoo.com/personal-finance/article/best-high-yield-savings-interest-rates-today-monday-january-5-2026-110045127.html,2026-01-05,"Finance/banking personal finance content, not AI business news"
Finance,"Gold price today, Monday, January 5: Gold price rises after U.S. captures Venezuelan president",https://finance.yahoo.com/personal-finance/investing/article/gold-price-today-monday-january-5-gold-price-rises-after-us-captures-venezuelan-president-121857715.html,2026-01-05,"Commodity price reporting, not AI business news"
Finance,"Best CD rates today, January 5, 2026 (Lock in up to 4.1% APY)",https://finance.yahoo.com/personal-finance/banking/article/best-cd-rates-today-monday-january-5-2026-110021554.html,2026-01-05,"Finance/banking personal finance content, not AI business news"
Finance,Analyst Report: Chewy Inc,https://finance.yahoo.com/research/reports/ARGUS_6119_AnalystReport_1767633612000?yptr=yahoo&ncid=yahooproperties_plusresear_nm5q6ze1cei,2026-01-05,"Chewy Inc is a pet supply retailer, not an AI company"
Nytimes,Trump’s Foray Into Venezuela Could Embolden Russia’s and China’s Own Aggression,https://www.nytimes.com/2026/01/05/world/europe/trump-venezuela-china-russia.html,2026-01-06,"Geopolitical/political news, not AI business news"
Nytimes,Venezuela Braces for Economic Collapse From U.S. Blockade,https://www.nytimes.com/2026/01/06/world/americas/venezuela-us-blockade-economy-oil.html,2026-01-06,"Economic policy/geopolitics, not AI business news"
Nytimes,Stephen Miller Asserts U.S. Has Right to Take Greenland,https://www.nytimes.com/2026/01/05/us/politics/stephen-miller-greenland-venezuela.html,2026-01-06,"Political commentary, not AI business news"
Nytimes,RFK Jr. Scales Back the Number of Vaccines Recommended for Children,https://www.nytimes.com/2026/01/05/health/children-vaccines-cdc-kennedy.html,2026-01-05,"Health policy news, not AI business news"
Nytimes,What to Know About the New Childhood Vaccine Schedule,https://www.nytimes.com/2026/01/05/well/childhood-vaccine-schedule-cdc-changes.html,2026-01-05,"Health policy news, not AI business news"
Nytimes,Appeals Court Upholds Prohibition on Trump’s Medical Research Cuts,https://www.nytimes.com/2026/01/05/us/politics/trump-nih-grant-cuts-court.html,2026-01-06,"Government policy/healthcare funding, not AI business news"
Nytimes,"For Many Jan. 6 Rioters, a Pardon From Trump Wasn’t Enough",https://www.nytimes.com/2026/01/05/us/politics/trump-jan-6-pardons-rioters.html,2026-01-05,"Political news, not AI business news"
Nytimes,Zelensky’s Assessment Darkens as Europeans Gather to Talk Peace,https://www.nytimes.com/2026/01/06/world/europe/ukraine-peace-talks-coalition-of-the-willing.html,2026-01-06,"Geopolitical/peace negotiations news, not AI business news"
Nytimes,Zelensky Taps High-Profile Canadian Politician as Economic Adviser,https://www.nytimes.com/2026/01/05/world/europe/chrystia-freeland-ukraine-economic-adviser.html,2026-01-05,"Government/political appointment, not AI business news"
Nytimes,Hegseth Starts Proceedings Against Sen. Mark Kelly Over His Remarks,https://www.nytimes.com/2026/01/05/us/politics/hegseth-mark-kelly.html,2026-01-05,"Political conflict/government news, not AI business news"
Nytimes,Corporation for Public Broadcasting Votes to Shut Down,https://www.nytimes.com/2026/01/05/business/media/corporation-for-public-broadcasting.html,2026-01-05,"Public broadcasting/media organization, not AI company business news"
Nytimes,"Minnesota Gov. Tim Walz Abandons Re-election Bid, and Amy Klobuchar May Run Instead",https://www.nytimes.com/2026/01/05/us/walz-governor-fraud-klobuchar.html,2026-01-05,"Political/government news, not AI business news"
Nytimes,Trump’s Post About Slain Minnesota Lawmaker Dismays Her Children,https://www.nytimes.com/2026/01/05/us/trump-social-hortman-conspiracy-theory.html,2026-01-06,"Political/news commentary, not AI business news"
Nytimes,Six Big Political Questions for 2026,https://www.nytimes.com/2026/01/05/us/politics/trump-democrats-gop-midterms-venezuela-economy.html,2026-01-05,"Political analysis, not AI business news"
Nytimes,Israel’s Stinging Retort to Mamdani Was Meant as Retaliation in Kind,https://www.nytimes.com/2026/01/05/world/middleeast/israel-mamdani-antisemitism.html,2026-01-05,"Geopolitical/political news, not AI business news"
Nytimes,Zohran Mamdani Targets Junk Fees and Hidden Charges in Executive Orders,https://www.nytimes.com/2026/01/05/nyregion/mamdani-affordability-consumer-protections.html,2026-01-05,"Municipal policy/consumer protection news, not AI business news"
Nytimes,Mamdani Chooses a Bernie Sanders Aide as His Communications Director,https://www.nytimes.com/2026/01/05/nyregion/mamdani-anna-bahr-bernie-sanders.html,2026-01-06,"Government/political appointment news, not AI business news"
Nytimes,"At Refugee Camps, Most Birthdays Fall on New Year’s",https://www.nytimes.com/2026/01/06/world/asia/rohingya-refugees-birthdays.html,2026-01-06,"Human interest/refugee story, not AI business news"
Nytimes,Waymo Has Come for the Kids in Los Angeles,https://www.nytimes.com/2026/01/05/us/waymo-kids-los-angeles.html,2026-01-05,"Service feature story about Waymo's autonomous vehicle offering, not business news (no funding, M&A, executive moves, financial results, or product launch announcement)"
Nytimes,"Dance Moves From the Street, City Edition",https://www.nytimes.com/2026/01/05/arts/dance/dance-moves-from-the-street-city-edition.html,2026-01-05,"Arts and culture content, not AI or business news"
Nytimes,Donald Trump Was Right to Oust Maduro,https://www.nytimes.com/2026/01/05/opinion/trump-maduro-oust-raid.html,2026-01-06,"Political opinion piece, not AI or business news"
Nytimes,Jamie Raskin: Jan. 6 Never Ended,https://www.nytimes.com/2026/01/06/opinion/jamie-raskin-jan-6-anniversary.html,2026-01-06,"Political opinion piece, not AI or business news"
Nytimes,Maduro Pleads Not Guilty,https://www.nytimes.com/2026/01/05/briefing/maduro-pleads-not-guilty.html,2026-01-05,"Political and health policy news, not AI or business news"
Nytimes,"Hilton ‘Maliciously Canceled’ Immigration Agents’ Reservations, DHS Says",https://www.nytimes.com/2026/01/05/travel/hilton-hotel-reservations-minneapolis-minnesota-immigration.html,2026-01-05,"Hotel industry news, not AI industry business news"
Nytimes,"Eva Schloss, Anne Frank’s Stepsister and Holocaust Survivor, Dies at 96",https://www.nytimes.com/2026/01/05/world/europe/eva-schloss-dead.html,2026-01-06,"Obituary of historical figure, not AI or business news"
Nytimes,"Steve Sheetz, Who Popularized Convenience Stores as a C.E.O., Dies at 77",https://www.nytimes.com/2026/01/05/obituaries/steve-sheetz-dead.html,2026-01-06,"Obituary of convenience store company CEO, not AI industry business news"
Nytimes,Mamdani and Hochul Celebrate Congestion Pricing a Year After Contentious Debut,https://www.nytimes.com/2026/01/05/nyregion/nyc-congestion-pricing-anniversary-mamdani-hochul.html,2026-01-06,"Transportation policy news, not AI or business news"
